-- phpMyAdmin SQL Dump
-- version 4.2.3deb1.precise~ppa.1
-- http://www.phpmyadmin.net
--
-- Host: localhost
-- Generation Time: Jul 31, 2014 at 03:14 PM
-- Server version: 5.5.38-0ubuntu0.12.04.1
-- PHP Version: 5.3.10-1ubuntu3.13

SET SQL_MODE = "NO_AUTO_VALUE_ON_ZERO";
SET time_zone = "+00:00";


/*!40101 SET @OLD_CHARACTER_SET_CLIENT=@@CHARACTER_SET_CLIENT */;
/*!40101 SET @OLD_CHARACTER_SET_RESULTS=@@CHARACTER_SET_RESULTS */;
/*!40101 SET @OLD_COLLATION_CONNECTION=@@COLLATION_CONNECTION */;
/*!40101 SET NAMES utf8 */;

--
-- Database: `ludosport`
--

-- --------------------------------------------------------

--
-- Table structure for table `academies`
--

CREATE TABLE IF NOT EXISTS `academies` (
`id` int(11) NOT NULL,
  `rector_id` varchar(11) NOT NULL,
  `en_academy_name` varchar(100) NOT NULL,
  `it_academy_name` varchar(100) DEFAULT NULL,
  `type` varchar(65) NOT NULL,
  `contact_firstname` varchar(100) NOT NULL,
  `contact_lastname` varchar(100) NOT NULL,
  `association_fullname` varchar(100) NOT NULL,
  `role_referent` varchar(255) DEFAULT NULL,
  `address` text NOT NULL,
  `postal_code` varchar(11) NOT NULL,
  `city_id` int(11) NOT NULL,
  `state_id` int(11) NOT NULL,
  `country_id` int(11) NOT NULL,
  `phone_1` varchar(20) DEFAULT NULL,
  `phone_2` varchar(20) DEFAULT NULL,
  `email` varchar(65) NOT NULL,
  `user_id` int(11) NOT NULL,
  `timestamp` timestamp NOT NULL DEFAULT CURRENT_TIMESTAMP
) ENGINE=InnoDB  DEFAULT CHARSET=latin1 AUTO_INCREMENT=4 ;

--
-- Dumping data for table `academies`
--

INSERT INTO `academies` (`id`, `rector_id`, `en_academy_name`, `it_academy_name`, `type`, `contact_firstname`, `contact_lastname`, `association_fullname`, `role_referent`, `address`, `postal_code`, `city_id`, `state_id`, `country_id`, `phone_1`, `phone_2`, `email`, `user_id`, `timestamp`) VALUES
(1, '3,5', 'Poppey Sailor Man', 'Poppey Sailor Man', 'ac', 'Soyab', 'Rana', 'PSM', 'Poppeyyyyyyyyyy Sailorrrrrrrrrrr Mannnnnnnnnnnnnnnnn', 'Baroda', '390016', 1, 1, 1, '91987654321', '91987654321', 'demo@yopmail.com', 2, '2014-07-25 08:45:52'),
(2, '6,3', 'Dexter Laboratory', 'Dexter Laboratory', 'ac', 'Soyab', 'Rana', 'PSM', 'Temparory', 'Baroda', '390016', 1, 1, 1, '91987654321', '91987654321', 'demo@yopmail.com', 2, '2014-07-25 11:22:54'),
(3, '5', 'ZZZ', 'ZZZ', 'ac', 'ZZ', 'AA', 'AA', 'QQ', 'QQ', '123456', 4, 2, 1, '1234567890', '91987654321', 'soyab@yopmail.com', 2, '2014-07-31 04:29:26');

-- --------------------------------------------------------

--
-- Table structure for table `cities`
--

CREATE TABLE IF NOT EXISTS `cities` (
`id` int(11) NOT NULL,
  `state_id` int(11) NOT NULL,
  `en_name` varchar(65) NOT NULL,
  `it_name` varchar(65) DEFAULT NULL,
  `user_id` int(11) NOT NULL,
  `timestamp` timestamp NOT NULL DEFAULT CURRENT_TIMESTAMP
) ENGINE=InnoDB  DEFAULT CHARSET=latin1 AUTO_INCREMENT=5 ;

--
-- Dumping data for table `cities`
--

INSERT INTO `cities` (`id`, `state_id`, `en_name`, `it_name`, `user_id`, `timestamp`) VALUES
(1, 1, 'Vadodara', '', 1, '2014-07-17 07:14:07'),
(2, 1, 'Ahemedabad', '', 1, '2014-07-17 07:14:14'),
(3, 2, 'Andheri East ', '', 1, '2014-07-17 07:15:15'),
(4, 2, 'Church Gate', '', 1, '2014-07-17 07:16:01');

-- --------------------------------------------------------

--
-- Table structure for table `clans`
--

CREATE TABLE IF NOT EXISTS `clans` (
`id` int(11) NOT NULL,
  `academy_id` int(11) NOT NULL,
  `school_id` int(11) NOT NULL,
  `teacher_id` varchar(11) NOT NULL,
  `level_id` int(11) NOT NULL,
  `lesson_day` varchar(25) NOT NULL,
  `lesson_from` bigint(100) NOT NULL DEFAULT '0',
  `lesson_to` bigint(100) NOT NULL DEFAULT '0',
  `en_class_name` varchar(65) NOT NULL,
  `it_class_name` varchar(65) NOT NULL,
  `same_address` tinyint(1) NOT NULL DEFAULT '0',
  `address` varchar(255) NOT NULL,
  `postal_code` varchar(11) NOT NULL,
  `city_id` int(11) NOT NULL,
  `state_id` int(11) NOT NULL,
  `country_id` int(11) NOT NULL,
  `phone_1` varchar(15) DEFAULT NULL,
  `phone_2` varchar(15) DEFAULT NULL,
  `email` varchar(65) NOT NULL,
  `user_id` int(11) NOT NULL,
  `timestamp` timestamp NOT NULL DEFAULT CURRENT_TIMESTAMP
) ENGINE=InnoDB  DEFAULT CHARSET=latin1 AUTO_INCREMENT=5 ;

--
-- Dumping data for table `clans`
--

INSERT INTO `clans` (`id`, `academy_id`, `school_id`, `teacher_id`, `level_id`, `lesson_day`, `lesson_from`, `lesson_to`, `en_class_name`, `it_class_name`, `same_address`, `address`, `postal_code`, `city_id`, `state_id`, `country_id`, `phone_1`, `phone_2`, `email`, `user_id`, `timestamp`) VALUES
(1, 1, 1, '5', 1, '1,2', 1406345400, 1406356200, 'Poppey Ep 1', 'Poppey Ep 1', 1, 'Baroda', '390016', 1, 1, 1, '91987654321', '91987654321', 'demo@yopmail.com', 2, '2014-07-26 09:45:00'),
(2, 2, 2, '7', 2, '2,3', 1406349000, 1406356200, 'Dexter Ep 1', 'Dexter Ep 1', 1, 'Baroda', '390016', 1, 1, 1, '91987654321', '91987654321', 'demo@yopmail.com', 2, '2014-07-26 09:46:59'),
(3, 1, 3, '3', 1, '1,3,4', 1406352600, 1406359800, 'Sailor Ep 2', 'Sailor Ep 2', 1, 'Baroda', '390016', 1, 1, 1, '91987654321', '91987654321', 'soyab@yopmail.com', 2, '2014-07-26 09:47:38'),
(4, 2, 4, '8', 1, '1', 1406363400, 1406370600, 'Lab Ep 2', 'Lab Ep 2', 1, 'Baroda', '390016', 1, 1, 1, '91987654321', '91987654321', 'soyab@yopmail.com', 2, '2014-07-26 09:48:27');

-- --------------------------------------------------------

--
-- Table structure for table `countries`
--

CREATE TABLE IF NOT EXISTS `countries` (
`id` int(11) NOT NULL,
  `en_name` varchar(65) NOT NULL,
  `it_name` varchar(65) DEFAULT NULL,
  `user_id` int(11) NOT NULL,
  `timestamp` timestamp NOT NULL DEFAULT CURRENT_TIMESTAMP
) ENGINE=InnoDB  DEFAULT CHARSET=latin1 AUTO_INCREMENT=6 ;

--
-- Dumping data for table `countries`
--

INSERT INTO `countries` (`id`, `en_name`, `it_name`, `user_id`, `timestamp`) VALUES
(1, 'India', 'India', 1, '2014-07-17 07:11:46'),
(2, 'Italy', 'Italy', 1, '2014-07-17 07:11:56'),
(3, 'UAE', 'UAE', 1, '2014-07-21 06:15:37'),
(5, 'Temp', 'Temp', 2, '2014-07-25 06:24:56');

-- --------------------------------------------------------

--
-- Table structure for table `emails`
--

CREATE TABLE IF NOT EXISTS `emails` (
`id` int(11) NOT NULL,
  `type` varchar(200) CHARACTER SET utf8 NOT NULL,
  `subject` text CHARACTER SET utf8,
  `message` text CHARACTER SET utf8,
  `attachment` varchar(200) CHARACTER SET utf8 DEFAULT NULL,
  `format_info` text CHARACTER SET utf8,
  `user_id` int(11) NOT NULL DEFAULT '1',
  `timestamp` timestamp NOT NULL DEFAULT CURRENT_TIMESTAMP
) ENGINE=InnoDB  DEFAULT CHARSET=latin1 AUTO_INCREMENT=4 ;

--
-- Dumping data for table `emails`
--

INSERT INTO `emails` (`id`, `type`, `subject`, `message`, `attachment`, `format_info`, `user_id`, `timestamp`) VALUES
(1, 'user_registration', 'User Registration', 'Hello #firstname #lastname<div><br></div><div>Thanks for Registration.</div><div><br></div><div>Thanks,</div><div>MyLudosport Team</div>', NULL, '#firstname\r\n#lastname', 1, '2014-07-26 07:15:22'),
(2, 'forgot_password', 'Forgot Password', 'Hello #firstname #lastname <div><br></div><div>You have request for the reset the password.</div><div>Please click the below link to reset password.<br>\n#reset_link</div><div><br></div><div>Thanks,</div><div>MyLudosport Team</div>', NULL, '#firstname\r\n#lastname\r\n#reset_link', 1, '2014-07-26 07:15:22'),
(3, 'user_registration_notification', 'New User Registration Notification', 'New User<div><br></div><div>#firstname #lastname is registerd on #date<div><br></div><div><div>Thanks,</div><div>MyLudosport Team</div></div></div>', NULL, '#firstname\r\n#lastname\r\n#date', 1, '2014-07-26 07:15:22');

-- --------------------------------------------------------

--
-- Table structure for table `levels`
--

CREATE TABLE IF NOT EXISTS `levels` (
`id` int(11) NOT NULL,
  `en_level_name` varchar(65) NOT NULL,
  `it_level_name` varchar(65) NOT NULL,
  `is_basic` enum('0','1') NOT NULL DEFAULT '0',
  `under_sixteen` enum('0','1') NOT NULL DEFAULT '0'
) ENGINE=InnoDB  DEFAULT CHARSET=latin1 AUTO_INCREMENT=3 ;

--
-- Dumping data for table `levels`
--

INSERT INTO `levels` (`id`, `en_level_name`, `it_level_name`, `is_basic`, `under_sixteen`) VALUES
(1, '1st Yedi', '1st Yedi', '1', '1'),
(2, '2st Yedi', '2st Yedi', '1', '0');

-- --------------------------------------------------------

--
-- Table structure for table `mailboxes`
--

CREATE TABLE IF NOT EXISTS `mailboxes` (
`id` int(11) NOT NULL,
  `type` enum('L','N','H','U') NOT NULL DEFAULT 'N',
  `to_email` varchar(65) NOT NULL,
  `subject` varchar(255) NOT NULL,
  `message` text NOT NULL,
  `attachment` varchar(255) DEFAULT NULL,
  `status` int(1) NOT NULL DEFAULT '0',
  `timestamp` timestamp NOT NULL DEFAULT CURRENT_TIMESTAMP
) ENGINE=InnoDB  DEFAULT CHARSET=latin1 AUTO_INCREMENT=25 ;

--
-- Dumping data for table `mailboxes`
--

INSERT INTO `mailboxes` (`id`, `type`, `to_email`, `subject`, `message`, `attachment`, `status`, `timestamp`) VALUES
(1, 'U', 'soyab@yopmail.com', 'User Registration', 'Hello David Leo<div><br></div><div>Thanks for Registration.</div><div><br></div><div>Thanks,</div><div>MyLudosport Team</div>', NULL, 1, '2014-07-26 11:10:31'),
(2, 'U', 'soyab@yopmail.com', 'New User Registration Notification', 'New User<div><br></div><div>David Leo is registerd on 2014-07-26 16:40:31<div><br></div><div><div>Thanks,</div><div>MyLudosport Team</div></div></div>', NULL, 1, '2014-07-26 11:10:31'),
(3, 'N', 'soyab@yopmail.com', 'New User Registration Notification', 'New User<div><br></div><div>David Leo is registerd on 2014-07-26 16:40:31<div><br></div><div><div>Thanks,</div><div>MyLudosport Team</div></div></div>', NULL, 1, '2014-07-26 11:10:31'),
(4, 'H', 'soyab@yopmail.com', 'New User Registration Notification', 'New User<div><br></div><div>David Leo is registerd on 2014-07-26 16:40:31<div><br></div><div><div>Thanks,</div><div>MyLudosport Team</div></div></div>', NULL, 1, '2014-07-26 11:10:31'),
(5, 'H', 'soyab@yopmail.com', 'New User Registration Notification', 'New User<div><br></div><div>David Leo is registerd on 2014-07-26 16:40:31<div><br></div><div><div>Thanks,</div><div>MyLudosport Team</div></div></div>', NULL, 1, '2014-07-26 11:10:31'),
(6, 'N', 'soyab@yopmail.com', 'New User Registration Notification', 'New User<div><br></div><div>David Leo is registerd on 2014-07-26 16:40:31<div><br></div><div><div>Thanks,</div><div>MyLudosport Team</div></div></div>', NULL, 1, '2014-07-26 11:10:31'),
(7, 'L', 'soyab@yopmail.com', 'New User Registration Notification', 'New User<div><br></div><div>David Leo is registerd on 2014-07-26 16:40:31<div><br></div><div><div>Thanks,</div><div>MyLudosport Team</div></div></div>', NULL, 1, '2014-07-26 11:10:31'),
(8, 'L', 'soyab@yopmail.com', 'New User Registration Notification', 'New User<div><br></div><div>David Leo is registerd on 2014-07-26 16:40:31<div><br></div><div><div>Thanks,</div><div>MyLudosport Team</div></div></div>', NULL, 1, '2014-07-26 11:10:32'),
(9, 'L', 'admin@1.com', 'User Registration', 'Hello Temp1 1<div><br></div><div>Thanks for Registration.</div><div><br></div><div>Thanks,</div><div>MyLudosport Team</div>', NULL, 0, '2014-07-30 11:31:59'),
(10, 'L', 'soyab@yopmail.com', 'New User Registration Notification', 'New User<div><br></div><div>Temp1 1 is registerd on 2014-07-30 17:01:59<div><br></div><div><div>Thanks,</div><div>MyLudosport Team</div></div></div>', NULL, 0, '2014-07-30 11:31:59'),
(11, 'L', 'soyab@yopmail.com', 'New User Registration Notification', 'New User<div><br></div><div>Temp1 1 is registerd on 2014-07-30 17:01:59<div><br></div><div><div>Thanks,</div><div>MyLudosport Team</div></div></div>', NULL, 0, '2014-07-30 11:31:59'),
(12, 'L', 'soyab@yopmail.com', 'New User Registration Notification', 'New User<div><br></div><div>Temp1 1 is registerd on 2014-07-30 17:01:59<div><br></div><div><div>Thanks,</div><div>MyLudosport Team</div></div></div>', NULL, 0, '2014-07-30 11:31:59'),
(13, 'L', 'soyab@yopmail.com', 'New User Registration Notification', 'New User<div><br></div><div>Temp1 1 is registerd on 2014-07-30 17:01:59<div><br></div><div><div>Thanks,</div><div>MyLudosport Team</div></div></div>', NULL, 0, '2014-07-30 11:31:59'),
(14, 'L', 'soyab@yopmail.com', 'New User Registration Notification', 'New User<div><br></div><div>Temp1 1 is registerd on 2014-07-30 17:01:59<div><br></div><div><div>Thanks,</div><div>MyLudosport Team</div></div></div>', NULL, 0, '2014-07-30 11:31:59'),
(15, 'L', 'soyab@yopmail.com', 'New User Registration Notification', 'New User<div><br></div><div>Temp1 1 is registerd on 2014-07-30 17:01:59<div><br></div><div><div>Thanks,</div><div>MyLudosport Team</div></div></div>', NULL, 0, '2014-07-30 11:31:59'),
(16, 'L', 'soyab@yopmail.com', 'New User Registration Notification', 'New User<div><br></div><div>Temp1 1 is registerd on 2014-07-30 17:01:59<div><br></div><div><div>Thanks,</div><div>MyLudosport Team</div></div></div>', NULL, 0, '2014-07-30 11:32:00'),
(17, 'L', 'admin@1.com', 'User Registration', 'Hello Black Solutions<div><br></div><div>Thanks for Registration.</div><div><br></div><div>Thanks,</div><div>MyLudosport Team</div>', NULL, 0, '2014-07-30 11:35:32'),
(18, 'L', 'soyab@yopmail.com', 'New User Registration Notification', 'New User<div><br></div><div>Black Solutions is registerd on 2014-07-30 17:05:32<div><br></div><div><div>Thanks,</div><div>MyLudosport Team</div></div></div>', NULL, 0, '2014-07-30 11:35:32'),
(19, 'L', 'soyab@yopmail.com', 'New User Registration Notification', 'New User<div><br></div><div>Black Solutions is registerd on 2014-07-30 17:05:32<div><br></div><div><div>Thanks,</div><div>MyLudosport Team</div></div></div>', NULL, 0, '2014-07-30 11:35:32'),
(20, 'L', 'soyab@yopmail.com', 'New User Registration Notification', 'New User<div><br></div><div>Black Solutions is registerd on 2014-07-30 17:05:32<div><br></div><div><div>Thanks,</div><div>MyLudosport Team</div></div></div>', NULL, 0, '2014-07-30 11:35:33'),
(21, 'L', 'soyab@yopmail.com', 'New User Registration Notification', 'New User<div><br></div><div>Black Solutions is registerd on 2014-07-30 17:05:32<div><br></div><div><div>Thanks,</div><div>MyLudosport Team</div></div></div>', NULL, 0, '2014-07-30 11:35:33'),
(22, 'L', 'soyab@yopmail.com', 'New User Registration Notification', 'New User<div><br></div><div>Black Solutions is registerd on 2014-07-30 17:05:32<div><br></div><div><div>Thanks,</div><div>MyLudosport Team</div></div></div>', NULL, 0, '2014-07-30 11:35:33'),
(23, 'L', 'soyab@yopmail.com', 'New User Registration Notification', 'New User<div><br></div><div>Black Solutions is registerd on 2014-07-30 17:05:32<div><br></div><div><div>Thanks,</div><div>MyLudosport Team</div></div></div>', NULL, 0, '2014-07-30 11:35:33'),
(24, 'L', 'soyab@yopmail.com', 'New User Registration Notification', 'New User<div><br></div><div>Black Solutions is registerd on 2014-07-30 17:05:32<div><br></div><div><div>Thanks,</div><div>MyLudosport Team</div></div></div>', NULL, 0, '2014-07-30 11:35:33');

-- --------------------------------------------------------

--
-- Table structure for table `notifications`
--

CREATE TABLE IF NOT EXISTS `notifications` (
`id` int(11) NOT NULL,
  `type` enum('A','I','W','N') NOT NULL DEFAULT 'N',
  `notify_type` enum('rector_assign_academy','dean_assign_school','teacher_assign_class','user_register') NOT NULL,
  `from_id` int(11) NOT NULL,
  `to_id` int(11) NOT NULL,
  `object_id` int(11) NOT NULL,
  `status` tinyint(1) NOT NULL DEFAULT '0',
  `timestamp` timestamp NOT NULL DEFAULT CURRENT_TIMESTAMP
) ENGINE=InnoDB  DEFAULT CHARSET=latin1 AUTO_INCREMENT=49 ;

--
-- Dumping data for table `notifications`
--

INSERT INTO `notifications` (`id`, `type`, `notify_type`, `from_id`, `to_id`, `object_id`, `status`, `timestamp`) VALUES
(1, 'N', 'rector_assign_academy', 2, 3, 1, 1, '2014-07-25 08:45:52'),
(2, 'N', 'rector_assign_academy', 2, 5, 1, 0, '2014-07-25 08:45:52'),
(5, 'N', 'dean_assign_school', 2, 3, 1, 1, '2014-07-25 10:49:30'),
(6, 'N', 'rector_assign_academy', 2, 3, 2, 1, '2014-07-25 11:22:55'),
(7, 'N', 'dean_assign_school', 2, 3, 1, 1, '2014-07-26 05:43:28'),
(8, 'N', 'teacher_assign_class', 2, 3, 1, 1, '2014-07-26 05:45:01'),
(9, 'N', 'rector_assign_academy', 2, 3, 1, 1, '2014-07-26 05:45:22'),
(10, 'N', 'dean_assign_school', 2, 3, 2, 1, '2014-07-26 05:49:39'),
(12, 'N', 'teacher_assign_class', 2, 3, 1, 1, '2014-07-26 06:36:03'),
(13, 'N', 'dean_assign_school', 2, 4, 4, 0, '2014-07-26 09:43:41'),
(14, 'N', 'dean_assign_school', 2, 4, 3, 0, '2014-07-26 09:44:24'),
(15, 'N', 'teacher_assign_class', 2, 5, 1, 0, '2014-07-26 09:45:00'),
(16, 'N', 'teacher_assign_class', 2, 7, 2, 0, '2014-07-26 09:47:00'),
(17, 'N', 'teacher_assign_class', 2, 7, 3, 0, '2014-07-26 09:47:38'),
(18, 'N', 'teacher_assign_class', 2, 8, 4, 0, '2014-07-26 09:48:27'),
(19, 'I', 'user_register', 0, 2, 9, 1, '2014-07-26 11:10:31'),
(20, 'I', 'user_register', 0, 3, 9, 1, '2014-07-26 11:10:31'),
(21, 'I', 'user_register', 0, 4, 9, 0, '2014-07-26 11:10:31'),
(22, 'I', 'user_register', 0, 5, 9, 0, '2014-07-26 11:10:31'),
(23, 'I', 'user_register', 0, 6, 9, 0, '2014-07-26 11:10:31'),
(24, 'I', 'user_register', 0, 7, 9, 0, '2014-07-26 11:10:31'),
(25, 'I', 'user_register', 0, 8, 9, 0, '2014-07-26 11:10:31'),
(27, 'N', 'rector_assign_academy', 0, 0, 0, 1, '2014-07-26 12:31:56'),
(28, 'N', 'rector_assign_academy', 0, 0, 0, 1, '2014-07-26 12:36:03'),
(29, 'N', 'rector_assign_academy', 0, 0, 0, 1, '2014-07-26 12:42:47'),
(30, 'N', 'rector_assign_academy', 0, 0, 0, 1, '2014-07-26 12:43:04'),
(32, 'N', 'teacher_assign_class', 2, 3, 1, 1, '2014-07-28 06:08:28'),
(33, 'I', 'user_register', 0, 2, 10, 1, '2014-07-30 11:31:59'),
(34, 'I', 'user_register', 0, 3, 10, 0, '2014-07-30 11:31:59'),
(35, 'I', 'user_register', 0, 4, 10, 0, '2014-07-30 11:31:59'),
(36, 'I', 'user_register', 0, 5, 10, 0, '2014-07-30 11:31:59'),
(37, 'I', 'user_register', 0, 6, 10, 0, '2014-07-30 11:31:59'),
(38, 'I', 'user_register', 0, 7, 10, 0, '2014-07-30 11:31:59'),
(39, 'I', 'user_register', 0, 8, 10, 0, '2014-07-30 11:32:00'),
(40, 'I', 'user_register', 0, 2, 11, 1, '2014-07-30 11:35:32'),
(41, 'I', 'user_register', 0, 3, 11, 0, '2014-07-30 11:35:32'),
(42, 'I', 'user_register', 0, 4, 11, 0, '2014-07-30 11:35:33'),
(43, 'I', 'user_register', 0, 5, 11, 0, '2014-07-30 11:35:33'),
(44, 'I', 'user_register', 0, 6, 11, 0, '2014-07-30 11:35:33'),
(45, 'I', 'user_register', 0, 7, 11, 0, '2014-07-30 11:35:33'),
(46, 'I', 'user_register', 0, 8, 11, 0, '2014-07-30 11:35:33'),
(47, 'N', 'rector_assign_academy', 2, 5, 3, 0, '2014-07-31 04:29:27'),
(48, 'N', 'dean_assign_school', 2, 4, 5, 0, '2014-07-31 08:50:42');

-- --------------------------------------------------------

--
-- Table structure for table `permissions`
--

CREATE TABLE IF NOT EXISTS `permissions` (
`id` int(11) NOT NULL,
  `en_perm_name` varchar(65) NOT NULL,
  `it_perm_name` varchar(65) DEFAULT NULL,
  `controller` varchar(65) NOT NULL,
  `method` varchar(65) NOT NULL,
  `is_menu` int(1) NOT NULL DEFAULT '0',
  `en_menu_title` varchar(30) DEFAULT NULL,
  `it_menu_title` varchar(30) DEFAULT NULL,
  `parent_id` int(11) NOT NULL DEFAULT '0',
  `user_id` int(11) NOT NULL,
  `timestamp` timestamp NOT NULL DEFAULT CURRENT_TIMESTAMP
) ENGINE=InnoDB  DEFAULT CHARSET=latin1 AUTO_INCREMENT=14 ;

--
-- Dumping data for table `permissions`
--

INSERT INTO `permissions` (`id`, `en_perm_name`, `it_perm_name`, `controller`, `method`, `is_menu`, `en_menu_title`, `it_menu_title`, `parent_id`, `user_id`, `timestamp`) VALUES
(1, 'Country View', 'Aggiungi vista', 'countries', 'viewCountry', 1, 'Country', 'Country', 0, 1, '2014-07-17 07:08:31'),
(2, 'Country Add', 'Aggiungi paese', 'countries', 'addCountry', 1, 'Add', 'Add', 1, 1, '2014-07-17 07:08:42'),
(4, 'Country Edit', 'Aggiungi modifica', 'countries', 'editCountry', 1, 'Edit', 'Edit', 1, 1, '2014-07-17 07:09:36'),
(5, 'Country Delete', 'Aggiungi cancellare', 'countries', 'deleteCountry', 1, 'Delete', 'Delete', 1, 1, '2014-07-17 07:09:49'),
(6, 'State View', 'Stato Vista', 'states', 'viewStates', 1, 'State', 'State', 0, 1, '2014-07-17 07:22:00'),
(7, 'State Add', 'Stato paese', 'states', 'addStates', 1, 'Add', 'Add', 6, 1, '2014-07-17 07:22:32'),
(8, 'State Edit', 'Stato modifica', 'states', 'editStates', 1, 'Edit', 'Edit', 6, 1, '2014-07-17 07:22:50'),
(9, 'State Delete', 'Stato cancellare', 'states', 'deleteStates', 1, 'Delete', 'Delete', 6, 1, '2014-07-17 07:23:45'),
(10, 'City View', 'Città  vista', 'cities', 'viewCity', 1, 'City', 'City', 0, 1, '2014-07-17 12:37:29'),
(11, 'City Add', 'Città paese', 'cities', 'addCity', 0, NULL, NULL, 0, 1, '2014-07-17 12:38:20'),
(13, 'City Edit', 'City Edit', 'cities', 'editCity', 0, NULL, NULL, 0, 1, '2014-07-17 12:39:37');

-- --------------------------------------------------------

--
-- Table structure for table `roles`
--

CREATE TABLE IF NOT EXISTS `roles` (
`id` int(11) NOT NULL,
  `en_role_name` varchar(65) NOT NULL,
  `it_role_name` varchar(65) DEFAULT NULL,
  `permission` longtext,
  `is_delete` enum('1','0') NOT NULL DEFAULT '1',
  `user_id` int(11) NOT NULL,
  `timestamp` timestamp NOT NULL DEFAULT CURRENT_TIMESTAMP
) ENGINE=InnoDB  DEFAULT CHARSET=latin1 AUTO_INCREMENT=7 ;

--
-- Dumping data for table `roles`
--

INSERT INTO `roles` (`id`, `en_role_name`, `it_role_name`, `permission`, `is_delete`, `user_id`, `timestamp`) VALUES
(1, 'Super Admin', 'Super Amministratore', NULL, '0', 0, '2014-07-17 07:04:55'),
(2, 'Admin', 'Admin', 'a:11:{s:5:"roles";a:4:{i:0;s:8:"viewRole";i:1;s:7:"addRole";i:2;s:8:"editRole";i:3;s:10:"deleteRole";}s:5:"users";a:4:{i:0;s:8:"viewUser";i:1;s:7:"addUser";i:2;s:8:"editUser";i:3;s:10:"deleteUser";}s:9:"academies";a:4:{i:0;s:11:"viewAcademy";i:1;s:10:"addAcademy";i:2;s:11:"editAcademy";i:3;s:13:"deleteAcademy";}s:7:"schools";a:4:{i:0;s:10:"viewSchool";i:1;s:9:"addSchool";i:2;s:10:"editSchool";i:3;s:12:"deleteSchool";}s:6:"levels";a:4:{i:0;s:9:"viewLevel";i:1;s:8:"addLevel";i:2;s:9:"editLevel";i:3;s:11:"deleteLevel";}s:5:"clans";a:5:{i:0;s:8:"viewClan";i:1;s:7:"addClan";i:2;s:8:"editClan";i:3;s:10:"deleteClan";i:4;s:15:"clanTeacherList";}s:8:"profiles";a:3:{i:0;s:11:"viewProfile";i:1;s:11:"editProfile";i:2;s:14:"changePassword";}s:6:"emails";a:2:{i:0;s:9:"viewEmail";i:1;s:9:"editEmail";}s:9:"countries";a:4:{i:0;s:11:"viewCountry";i:1;s:10:"addCountry";i:2;s:11:"editCountry";i:3;s:13:"deleteCountry";}s:6:"states";a:4:{i:0;s:9:"viewState";i:1;s:8:"addState";i:2;s:9:"editState";i:3;s:11:"deleteState";}s:6:"cities";a:4:{i:0;s:8:"viewCity";i:1;s:7:"addCity";i:2;s:8:"editCity";i:3;s:10:"deleteCity";}}', '0', 2, '2014-07-17 07:27:03'),
(3, 'Rector', 'Rettore', 'a:6:{s:5:"users";a:4:{i:0;s:8:"viewUser";i:1;s:7:"addUser";i:2;s:8:"editUser";i:3;s:10:"deleteUser";}s:9:"academies";a:1:{i:0;s:11:"viewAcademy";}s:7:"schools";a:4:{i:0;s:10:"viewSchool";i:1;s:9:"addSchool";i:2;s:10:"editSchool";i:3;s:12:"deleteSchool";}s:6:"levels";a:4:{i:0;s:9:"viewLevel";i:1;s:8:"addLevel";i:2;s:9:"editLevel";i:3;s:11:"deleteLevel";}s:5:"clans";a:5:{i:0;s:8:"viewClan";i:1;s:7:"addClan";i:2;s:8:"editClan";i:3;s:10:"deleteClan";i:4;s:15:"clanTeacherList";}s:8:"profiles";a:3:{i:0;s:11:"viewProfile";i:1;s:11:"editProfile";i:2;s:14:"changePassword";}}', '0', 2, '2014-07-17 10:13:22'),
(4, 'Dean', 'Decano', 'a:5:{s:5:"users";a:4:{i:0;s:8:"viewUser";i:1;s:7:"addUser";i:2;s:8:"editUser";i:3;s:10:"deleteUser";}s:9:"academies";a:1:{i:0;s:11:"viewAcademy";}s:7:"schools";a:1:{i:0;s:10:"viewSchool";}s:5:"clans";a:2:{i:0;s:8:"viewClan";i:1;s:15:"clanTeacherList";}s:8:"profiles";a:3:{i:0;s:11:"viewProfile";i:1;s:11:"editProfile";i:2;s:14:"changePassword";}}', '0', 2, '2014-07-17 10:13:43'),
(5, 'Teacher', 'Insegnante', 'a:4:{s:5:"users";a:4:{i:0;s:8:"viewUser";i:1;s:7:"addUser";i:2;s:8:"editUser";i:3;s:10:"deleteUser";}s:9:"academies";a:1:{i:0;s:11:"viewAcademy";}s:7:"schools";a:1:{i:0;s:10:"viewSchool";}s:8:"profiles";a:3:{i:0;s:11:"viewProfile";i:1;s:11:"editProfile";i:2;s:14:"changePassword";}}', '0', 2, '2014-07-17 10:16:50'),
(6, 'Pupil', 'Pupil', 'a:4:{s:5:"users";a:4:{i:0;s:8:"viewUser";i:1;s:7:"addUser";i:2;s:8:"editUser";i:3;s:10:"deleteUser";}s:9:"academies";a:1:{i:0;s:11:"viewAcademy";}s:7:"schools";a:1:{i:0;s:10:"viewSchool";}s:8:"profiles";a:3:{i:0;s:11:"viewProfile";i:1;s:11:"editProfile";i:2;s:14:"changePassword";}}', '0', 2, '2014-07-17 10:17:08');

-- --------------------------------------------------------

--
-- Table structure for table `schools`
--

CREATE TABLE IF NOT EXISTS `schools` (
`id` int(11) NOT NULL,
  `academy_id` int(11) NOT NULL,
  `dean_id` varchar(11) NOT NULL,
  `en_school_name` varchar(65) NOT NULL,
  `it_school_name` varchar(65) DEFAULT NULL,
  `address` varchar(255) NOT NULL,
  `postal_code` int(6) NOT NULL,
  `city_id` int(11) NOT NULL,
  `state_id` int(11) NOT NULL,
  `country_id` int(11) NOT NULL,
  `phone_1` varchar(15) DEFAULT NULL,
  `phone_2` varchar(15) DEFAULT NULL,
  `email` varchar(65) NOT NULL,
  `user_id` int(11) NOT NULL,
  `timestamp` timestamp NOT NULL DEFAULT CURRENT_TIMESTAMP
) ENGINE=InnoDB  DEFAULT CHARSET=latin1 AUTO_INCREMENT=6 ;

--
-- Dumping data for table `schools`
--

INSERT INTO `schools` (`id`, `academy_id`, `dean_id`, `en_school_name`, `it_school_name`, `address`, `postal_code`, `city_id`, `state_id`, `country_id`, `phone_1`, `phone_2`, `email`, `user_id`, `timestamp`) VALUES
(1, 1, '3', 'Poppey', 'Poppey', 'Baroda', 390016, 1, 1, 1, '91987654321', '91987654321', 'demo@yopmail.com', 2, '2014-07-25 10:49:30'),
(2, 2, '3', 'Dexter', 'Dexter', 'Baroda', 390016, 1, 1, 1, '91987654321', '91987654321', 'demo@yopmail.com', 2, '2014-07-25 11:23:56'),
(3, 1, '4', 'Salior', 'Salior', 'Baroda', 390016, 1, 1, 1, '91987654321', '91987654321', 'soyab@yopmail.com', 2, '2014-07-26 09:43:41'),
(4, 2, '4', 'Laboratory', 'Laboratory', 'Baroda', 390016, 1, 1, 1, '91987654321', '91987654321', 'soyab@yopmail.com', 2, '2014-07-26 09:44:24'),
(5, 3, '4', 'ZZZ 1', 'ZZZ 1', 'Baroda', 390016, 2, 1, 1, '91987654321', '91987654321', 'soyab@yopmail.com', 2, '2014-07-31 08:50:42');

-- --------------------------------------------------------

--
-- Table structure for table `states`
--

CREATE TABLE IF NOT EXISTS `states` (
`id` int(11) NOT NULL,
  `country_id` int(11) NOT NULL,
  `en_name` varchar(65) NOT NULL,
  `it_name` varchar(65) DEFAULT NULL,
  `user_id` int(11) NOT NULL,
  `timestamp` timestamp NOT NULL DEFAULT CURRENT_TIMESTAMP
) ENGINE=InnoDB  DEFAULT CHARSET=latin1 AUTO_INCREMENT=5 ;

--
-- Dumping data for table `states`
--

INSERT INTO `states` (`id`, `country_id`, `en_name`, `it_name`, `user_id`, `timestamp`) VALUES
(1, 1, 'Gujarat', 'Gujarat', 1, '2014-07-17 07:12:28'),
(2, 1, 'Mumbai', '', 1, '2014-07-17 07:12:55'),
(3, 2, 'xyz', 'xyz', 2, '2014-07-31 04:21:33');

-- --------------------------------------------------------

--
-- Table structure for table `userdetails`
--

CREATE TABLE IF NOT EXISTS `userdetails` (
`id` int(11) NOT NULL,
  `student_master_id` int(11) NOT NULL,
  `school_id` int(11) NOT NULL,
  `clan_id` varchar(11) NOT NULL,
  `user_id` int(11) NOT NULL,
  `timestamp` timestamp NOT NULL DEFAULT CURRENT_TIMESTAMP
) ENGINE=InnoDB DEFAULT CHARSET=latin1 AUTO_INCREMENT=1 ;

-- --------------------------------------------------------

--
-- Table structure for table `users`
--

CREATE TABLE IF NOT EXISTS `users` (
`id` int(11) NOT NULL,
  `role_id` varchar(25) NOT NULL,
  `username` varchar(65) NOT NULL,
  `password` varchar(65) NOT NULL,
  `firstname` varchar(65) NOT NULL,
  `lastname` varchar(65) NOT NULL,
  `email` varchar(65) NOT NULL,
  `date_of_birth` bigint(100) NOT NULL,
  `city_id` int(11) NOT NULL,
  `state_id` int(11) NOT NULL,
  `country_id` int(11) NOT NULL,
  `permission` longtext,
  `avtar` varchar(255) NOT NULL DEFAULT 'no_avatar.jpg',
  `status` enum('A','D','P') NOT NULL DEFAULT 'P',
  `user_id` int(11) NOT NULL,
  `timestamp` timestamp NOT NULL DEFAULT CURRENT_TIMESTAMP
) ENGINE=InnoDB  DEFAULT CHARSET=latin1 AUTO_INCREMENT=12 ;

--
-- Dumping data for table `users`
--

INSERT INTO `users` (`id`, `role_id`, `username`, `password`, `firstname`, `lastname`, `email`, `date_of_birth`, `city_id`, `state_id`, `country_id`, `permission`, `avtar`, `status`, `user_id`, `timestamp`) VALUES
(1, '1', 'superadmin', '202cb962ac59075b964b07152d234b70', 'Soyab', 'Rana', 'soyab1@yopmail.com', 316895400, 1, 1, 1, NULL, 'no_avatar.jpg', 'A', 0, '2014-07-17 07:05:53'),
(2, '2', 'admin', '202cb962ac59075b964b07152d234b70', 'Admin', 'James', 'soyab@yopmail.com', 316895400, 1, 1, 1, NULL, '7c34d6436df4c3aa27caf6bbe1e5488b.jpg', 'A', 2, '2014-07-17 07:28:01'),
(3, '3,4,5', 'rector_1', '202cb962ac59075b964b07152d234b70', 'Rector', '1', 'soyab@yopmail.com', 316895400, 1, 1, 1, NULL, 'no_avatar.jpg', 'A', 2, '2014-07-17 07:28:01'),
(4, '4', 'dean_1', '202cb962ac59075b964b07152d234b70', 'Dean', '1', 'soyab@yopmail.com', 1277922600, 1, 1, 1, NULL, 'no_avatar.jpg', 'A', 0, '2014-07-17 07:28:01'),
(5, '5,3', 'teacher_1', '202cb962ac59075b964b07152d234b70', 'Teacher', '1', 'soyab@yopmail.com', 653682600, 2, 1, 1, NULL, 'no_avatar.jpg', 'A', 1, '2014-07-21 10:11:41'),
(6, '3', 'rector_2', '202cb962ac59075b964b07152d234b70', 'Rector', '2', 'soyab@yopmail.com', 1277922600, 1, 1, 1, NULL, 'no_avatar.jpg', 'A', 2, '2014-07-17 07:28:01'),
(7, '5', 'teacher_2', '202cb962ac59075b964b07152d234b70', 'Teacher', '2', 'soyab@yopmail.com', 653682600, 2, 1, 1, NULL, 'no_avatar.jpg', 'A', 1, '2014-07-21 10:11:41'),
(8, '5', 'teacher_3', '202cb962ac59075b964b07152d234b70', 'Teacher', '3', 'soyab@yopmail.com', 653682600, 2, 1, 1, NULL, 'no_avatar.jpg', 'A', 1, '2014-07-21 10:11:41'),
(11, '6', 'student1', '202cb962ac59075b964b07152d234b70', 'Black', 'Solutions', 'admin@1.com', 1277922600, 3, 2, 1, NULL, 'no_avatar.jpg', 'P', 0, '2014-07-30 11:35:32');

--
-- Indexes for dumped tables
--

--
-- Indexes for table `academies`
--
ALTER TABLE `academies`
 ADD PRIMARY KEY (`id`);

--
-- Indexes for table `cities`
--
ALTER TABLE `cities`
 ADD PRIMARY KEY (`id`);

--
-- Indexes for table `clans`
--
ALTER TABLE `clans`
 ADD PRIMARY KEY (`id`);

--
-- Indexes for table `countries`
--
ALTER TABLE `countries`
 ADD PRIMARY KEY (`id`);

--
-- Indexes for table `emails`
--
ALTER TABLE `emails`
 ADD PRIMARY KEY (`id`);

--
-- Indexes for table `levels`
--
ALTER TABLE `levels`
 ADD PRIMARY KEY (`id`);

--
-- Indexes for table `mailboxes`
--
ALTER TABLE `mailboxes`
 ADD PRIMARY KEY (`id`);

--
-- Indexes for table `notifications`
--
ALTER TABLE `notifications`
 ADD PRIMARY KEY (`id`);

--
-- Indexes for table `permissions`
--
ALTER TABLE `permissions`
 ADD PRIMARY KEY (`id`);

--
-- Indexes for table `roles`
--
ALTER TABLE `roles`
 ADD PRIMARY KEY (`id`);

--
-- Indexes for table `schools`
--
ALTER TABLE `schools`
 ADD PRIMARY KEY (`id`);

--
-- Indexes for table `states`
--
ALTER TABLE `states`
 ADD PRIMARY KEY (`id`);

--
-- Indexes for table `userdetails`
--
ALTER TABLE `userdetails`
 ADD PRIMARY KEY (`id`);

--
-- Indexes for table `users`
--
ALTER TABLE `users`
 ADD PRIMARY KEY (`id`);

--
-- AUTO_INCREMENT for dumped tables
--

--
-- AUTO_INCREMENT for table `academies`
--
ALTER TABLE `academies`
MODIFY `id` int(11) NOT NULL AUTO_INCREMENT,AUTO_INCREMENT=4;
--
-- AUTO_INCREMENT for table `cities`
--
ALTER TABLE `cities`
MODIFY `id` int(11) NOT NULL AUTO_INCREMENT,AUTO_INCREMENT=5;
--
-- AUTO_INCREMENT for table `clans`
--
ALTER TABLE `clans`
MODIFY `id` int(11) NOT NULL AUTO_INCREMENT,AUTO_INCREMENT=5;
--
-- AUTO_INCREMENT for table `countries`
--
ALTER TABLE `countries`
MODIFY `id` int(11) NOT NULL AUTO_INCREMENT,AUTO_INCREMENT=6;
--
-- AUTO_INCREMENT for table `emails`
--
ALTER TABLE `emails`
MODIFY `id` int(11) NOT NULL AUTO_INCREMENT,AUTO_INCREMENT=4;
--
-- AUTO_INCREMENT for table `levels`
--
ALTER TABLE `levels`
MODIFY `id` int(11) NOT NULL AUTO_INCREMENT,AUTO_INCREMENT=3;
--
-- AUTO_INCREMENT for table `mailboxes`
--
ALTER TABLE `mailboxes`
MODIFY `id` int(11) NOT NULL AUTO_INCREMENT,AUTO_INCREMENT=25;
--
-- AUTO_INCREMENT for table `notifications`
--
ALTER TABLE `notifications`
MODIFY `id` int(11) NOT NULL AUTO_INCREMENT,AUTO_INCREMENT=49;
--
-- AUTO_INCREMENT for table `permissions`
--
ALTER TABLE `permissions`
MODIFY `id` int(11) NOT NULL AUTO_INCREMENT,AUTO_INCREMENT=14;
--
-- AUTO_INCREMENT for table `roles`
--
ALTER TABLE `roles`
MODIFY `id` int(11) NOT NULL AUTO_INCREMENT,AUTO_INCREMENT=7;
--
-- AUTO_INCREMENT for table `schools`
--
ALTER TABLE `schools`
MODIFY `id` int(11) NOT NULL AUTO_INCREMENT,AUTO_INCREMENT=6;
--
-- AUTO_INCREMENT for table `states`
--
ALTER TABLE `states`
MODIFY `id` int(11) NOT NULL AUTO_INCREMENT,AUTO_INCREMENT=5;
--
-- AUTO_INCREMENT for table `userdetails`
--
ALTER TABLE `userdetails`
MODIFY `id` int(11) NOT NULL AUTO_INCREMENT;
--
-- AUTO_INCREMENT for table `users`
--
ALTER TABLE `users`
MODIFY `id` int(11) NOT NULL AUTO_INCREMENT,AUTO_INCREMENT=12;
/*!40101 SET CHARACTER_SET_CLIENT=@OLD_CHARACTER_SET_CLIENT */;
/*!40101 SET CHARACTER_SET_RESULTS=@OLD_CHARACTER_SET_RESULTS */;
/*!40101 SET COLLATION_CONNECTION=@OLD_COLLATION_CONNECTION */;
